bmi,children,sex_n,smoker_n,region_n,charges
32.68,1.0,0.0,1.0,2.0,4738.2682
32.11,0.0,1.0,1.0,2.0,2055.3249
33.7,1.0,1.0,1.0,0.0,7445.918
24.42,3.0,1.0,0.0,1.0,19361.9988
39.805,0.0,0.0,1.0,3.0,2755.02095
24.51,1.0,0.0,1.0,2.0,2709.1119
37.8,2.0,1.0,0.0,0.0,39241.442
38.06,2.0,1.0,0.0,1.0,42560.4304
34.8,0.0,1.0,0.0,0.0,34779.615
29.81,1.0,0.0,1.0,1.0,6500.2359
26.18,2.0,1.0,1.0,1.0,2304.0022
23.37,3.0,0.0,1.0,3.0,8252.2843
19.19,1.0,1.0,1.0,3.0,8627.5411
24.75,0.0,0.0,0.0,1.0,16577.7795
29.83,0.0,0.0,1.0,3.0,11286.5387
23.275,3.0,0.0,1.0,3.0,7986.47525
37.1,3.0,1.0,1.0,0.0,3597.596
23.98,1.0,0.0,1.0,1.0,22192.43711
26.4,0.0,0.0,0.0,1.0,19539.243
29.83,0.0,1.0,0.0,3.0,18648.4217
25.7,4.0,1.0,0.0,0.0,17942.106
29.355,1.0,1.0,1.0,2.0,6393.60345
27.6,0.0,1.0,1.0,0.0,24603.04837
30.875,2.0,1.0,1.0,2.0,3877.30425
30.21,3.0,0.0,1.0,2.0,7537.1639
20.235,2.0,0.0,1.0,2.0,4906.40965
29.26,2.0,1.0,1.0,3.0,4438.2634
20.615,2.0,1.0,1.0,2.0,2803.69785
28.215,0.0,0.0,1.0,2.0,12224.35085
37.51,2.0,1.0,1.0,1.0,9304.7019
34.58,1.0,0.0,1.0,2.0,7727.2532
23.655,1.0,0.0,0.0,2.0,21677.28345
47.74,1.0,1.0,1.0,1.0,9748.9106
20.045,3.0,0.0,0.0,2.0,16420.49455
15.96,0.0,1.0,1.0,3.0,1694.7964
17.86,1.0,1.0,1.0,2.0,5116.5004
34.58,2.0,0.0,1.0,3.0,3925.7582
32.3,2.0,0.0,1.0,3.0,9411.005
27.1,1.0,1.0,0.0,0.0,19040.876
38.19,0.0,1.0,1.0,3.0,14410.9321
17.48,0.0,1.0,1.0,2.0,1621.3402
35.8,2.0,1.0,1.0,0.0,7160.094
28.49,1.0,0.0,0.0,1.0,18328.2381
27.17,0.0,0.0,1.0,1.0,8601.3293
39.82,0.0,0.0,1.0,1.0,11090.7178
36.0,0.0,0.0,1.0,0.0,2166.732
22.8,3.0,0.0,1.0,3.0,7985.815
33.1,0.0,0.0,1.0,0.0,11848.141
46.53,1.0,1.0,1.0,1.0,2927.0647
37.07,2.0,1.0,0.0,1.0,37484.4493
16.815,1.0,0.0,1.0,3.0,3167.45585
35.97,1.0,1.0,1.0,1.0,9386.1613
36.63,2.0,0.0,1.0,1.0,4949.7587
17.29,2.0,0.0,1.0,3.0,6877.9801
31.68,0.0,1.0,0.0,1.0,34672.1472
27.74,3.0,0.0,1.0,2.0,7281.5056
30.78,3.0,1.0,0.0,3.0,39597.4072
25.46,1.0,1.0,1.0,3.0,25517.11363
21.85,1.0,1.0,1.0,2.0,6117.4945
31.54,0.0,1.0,1.0,2.0,11353.2276
35.7,0.0,1.0,1.0,0.0,11362.755
41.69,0.0,1.0,1.0,1.0,5438.7491
46.2,0.0,0.0,0.0,1.0,45863.205
28.0,0.0,0.0,1.0,0.0,13126.67745
27.4,1.0,0.0,1.0,0.0,6496.886
23.655,3.0,0.0,0.0,2.0,18765.87545
38.06,0.0,1.0,1.0,1.0,2689.4954
34.77,0.0,0.0,1.0,2.0,3556.9223
39.82,1.0,0.0,1.0,1.0,4795.6568
35.245,0.0,1.0,1.0,3.0,12404.8791
31.35,0.0,0.0,1.0,2.0,12622.1795
37.73,0.0,0.0,1.0,1.0,5397.6167
35.4,0.0,1.0,1.0,0.0,1263.249
26.315,2.0,0.0,1.0,2.0,7201.70085
33.2,0.0,0.0,1.0,0.0,13462.52
38.39,3.0,1.0,0.0,1.0,41949.2441
25.84,0.0,0.0,1.0,2.0,28923.13692
27.645,2.0,1.0,1.0,3.0,5031.26955
28.595,0.0,0.0,1.0,3.0,11658.11505
29.4,4.0,1.0,1.0,0.0,6059.173
26.9,0.0,1.0,1.0,0.0,5969.723
26.695,1.0,1.0,0.0,2.0,26109.32905
22.3,0.0,1.0,1.0,0.0,7147.105
42.4,1.0,0.0,1.0,0.0,3410.324
28.31,1.0,1.0,1.0,2.0,2639.0429
24.51,2.0,1.0,1.0,2.0,6710.1919
39.71,4.0,1.0,1.0,3.0,19496.71917
41.1,0.0,0.0,1.0,0.0,3989.841
29.83,1.0,1.0,1.0,3.0,9288.0267
50.38,1.0,1.0,1.0,1.0,2438.0552
31.8,0.0,0.0,1.0,0.0,13880.949
18.335,0.0,0.0,1.0,3.0,13204.28565
27.72,0.0,0.0,1.0,1.0,4415.1588
27.5,3.0,1.0,1.0,0.0,8615.3
32.11,0.0,1.0,1.0,3.0,13555.0049
20.045,2.0,0.0,0.0,3.0,19798.05455
26.695,3.0,0.0,1.0,2.0,14382.70905
30.5,0.0,1.0,1.0,0.0,2494.022
30.115,5.0,1.0,1.0,3.0,4915.05985
42.13,0.0,1.0,0.0,1.0,39611.7577
36.1,3.0,1.0,1.0,0.0,12363.547
24.13,1.0,0.0,0.0,2.0,23887.6627
38.28,0.0,1.0,1.0,1.0,10226.2842
31.92,1.0,0.0,0.0,3.0,37701.8768
34.2,2.0,0.0,1.0,0.0,3987.926
22.705,3.0,1.0,1.0,3.0,6985.50695
28.785,0.0,0.0,1.0,3.0,2457.21115
36.67,1.0,1.0,0.0,3.0,39774.2763
21.66,1.0,1.0,1.0,2.0,14349.8544
31.0,1.0,1.0,1.0,0.0,5488.262
30.8,0.0,1.0,1.0,0.0,4646.759
29.2,1.0,1.0,1.0,0.0,10436.096
28.3,0.0,0.0,0.0,0.0,17081.08
33.44,0.0,0.0,1.0,2.0,12231.6136
31.445,1.0,1.0,1.0,3.0,8964.06055
24.42,0.0,1.0,0.0,1.0,21223.6758
35.2,1.0,1.0,1.0,1.0,1727.54
26.41,0.0,1.0,0.0,3.0,20149.3229
24.32,0.0,1.0,1.0,2.0,9863.4718
26.84,0.0,1.0,1.0,1.0,1664.9996
26.6,0.0,0.0,1.0,2.0,10355.641
28.6,5.0,0.0,1.0,0.0,4687.797
20.9,1.0,1.0,1.0,0.0,1832.094
40.15,0.0,1.0,0.0,1.0,38126.2465
27.74,0.0,0.0,1.0,2.0,8026.6666
42.35,3.0,1.0,0.0,1.0,46151.1245
28.975,0.0,1.0,1.0,3.0,10796.35025
27.7,0.0,1.0,0.0,0.0,16297.846
34.21,2.0,1.0,0.0,1.0,44260.7499
30.02,0.0,1.0,1.0,2.0,24476.47851
24.035,0.0,1.0,1.0,3.0,10422.91665
47.6,2.0,0.0,0.0,0.0,46113.511
36.85,0.0,0.0,0.0,1.0,36149.4835
29.59,1.0,0.0,1.0,1.0,3947.4131
38.38,0.0,1.0,1.0,2.0,12950.0712
29.1,0.0,0.0,1.0,0.0,3761.292
34.21,0.0,1.0,1.0,1.0,3935.1799
32.49,1.0,1.0,1.0,3.0,3490.5491
22.23,0.0,0.0,1.0,2.0,3176.2877
31.73,2.0,0.0,1.0,2.0,11187.6567
24.53,0.0,0.0,1.0,1.0,12629.8967
30.4,0.0,0.0,0.0,2.0,33907.548
34.2,1.0,0.0,1.0,0.0,9872.701
40.15,0.0,1.0,1.0,1.0,7804.1605
24.13,1.0,1.0,1.0,2.0,4032.2407
18.715,0.0,1.0,1.0,2.0,21595.38229
24.6,2.0,0.0,1.0,0.0,4529.477
34.21,1.0,0.0,1.0,1.0,5245.2269
31.4,1.0,1.0,1.0,0.0,3659.346
32.67,1.0,1.0,1.0,1.0,10807.4863
34.1,0.0,1.0,1.0,1.0,9140.951
24.7,2.0,0.0,0.0,2.0,21880.82
25.08,0.0,0.0,1.0,3.0,7325.0482
29.26,3.0,0.0,1.0,1.0,6184.2994
36.1,3.0,1.0,1.0,0.0,27941.28758
23.37,2.0,0.0,1.0,2.0,6686.4313
33.11,0.0,0.0,0.0,1.0,40974.1649
36.48,0.0,0.0,1.0,3.0,12797.20962
29.48,0.0,1.0,1.0,1.0,9487.6442
21.5,1.0,1.0,1.0,0.0,10791.96
31.02,0.0,1.0,1.0,1.0,16586.49771
23.65,1.0,0.0,1.0,1.0,17626.23951
33.66,4.0,1.0,1.0,1.0,4504.6624
35.97,0.0,0.0,1.0,1.0,14313.8463
42.94,3.0,0.0,1.0,2.0,6360.9936
27.6,0.0,0.0,1.0,0.0,5383.536
28.12,3.0,0.0,1.0,2.0,11085.5868
28.88,1.0,0.0,1.0,2.0,9249.4952
26.03,0.0,1.0,1.0,3.0,2102.2647
30.2,2.0,0.0,1.0,0.0,8825.086
36.005,0.0,0.0,1.0,3.0,13228.84695
33.66,4.0,1.0,1.0,1.0,12949.1554
36.67,2.0,0.0,1.0,2.0,10848.1343
34.8,2.0,0.0,1.0,0.0,36910.60803
44.88,0.0,1.0,0.0,1.0,39722.7462
27.5,1.0,1.0,1.0,0.0,12333.828
34.32,1.0,1.0,1.0,1.0,7147.4728
21.8,0.0,0.0,0.0,0.0,20167.33603
32.1,3.0,0.0,1.0,0.0,14007.222
28.27,1.0,1.0,1.0,1.0,5484.4673
32.3,3.0,1.0,1.0,2.0,10269.46
31.13,1.0,1.0,0.0,1.0,34806.4677
31.825,0.0,0.0,1.0,2.0,11842.62375
33.63,1.0,1.0,1.0,2.0,11945.1327
30.8,1.0,1.0,0.0,1.0,41999.52
32.775,2.0,0.0,1.0,2.0,5327.40025
26.22,2.0,0.0,1.0,2.0,10493.9458
33.345,1.0,1.0,1.0,3.0,8334.45755
25.46,0.0,1.0,1.0,2.0,12124.9924
28.88,1.0,0.0,1.0,3.0,4337.7352
30.8,3.0,0.0,1.0,0.0,9414.92
36.385,3.0,0.0,1.0,2.0,11436.73815
23.18,0.0,0.0,1.0,2.0,11830.6072
24.1,0.0,0.0,1.0,0.0,2974.126
24.3,5.0,1.0,1.0,0.0,5615.369
21.755,1.0,0.0,1.0,3.0,13725.47184
22.8,0.0,0.0,1.0,0.0,8269.044
26.695,0.0,0.0,1.0,2.0,4571.41305
30.0,1.0,1.0,1.0,0.0,2904.088
23.21,0.0,1.0,1.0,1.0,1121.8739
28.785,0.0,0.0,1.0,3.0,3385.39915
39.615,1.0,0.0,1.0,2.0,2730.10785
20.9,0.0,1.0,0.0,1.0,21195.818
37.7,0.0,0.0,0.0,0.0,48824.45
23.9,5.0,1.0,1.0,0.0,5080.096
26.98,0.0,0.0,0.0,2.0,28950.4692
36.3,2.0,1.0,0.0,0.0,38711.0
33.99,0.0,0.0,1.0,1.0,2473.3341
35.42,0.0,1.0,1.0,1.0,2322.6218
32.965,0.0,0.0,1.0,2.0,6571.02435
30.875,0.0,0.0,1.0,3.0,23045.56616
29.9,1.0,0.0,1.0,0.0,7337.748
23.18,2.0,0.0,1.0,2.0,14426.07385
25.3,0.0,1.0,1.0,1.0,8442.667
29.81,0.0,0.0,0.0,1.0,27533.9129
33.33,2.0,1.0,0.0,1.0,36124.5737
22.705,0.0,1.0,1.0,2.0,21984.47061
19.95,3.0,1.0,1.0,3.0,4005.4225
39.425,1.0,1.0,1.0,3.0,8342.90875
22.1,0.0,1.0,1.0,0.0,10577.087
29.3,0.0,1.0,1.0,0.0,1977.815
32.2,1.0,0.0,1.0,0.0,6775.961
31.255,0.0,1.0,1.0,2.0,1909.52745
31.73,3.0,1.0,0.0,3.0,36189.1017
33.25,0.0,0.0,1.0,3.0,10564.8845
35.86,0.0,1.0,1.0,1.0,8124.4084
19.0,3.0,0.0,1.0,3.0,6753.038
35.2,1.0,0.0,1.0,1.0,14474.675
26.18,1.0,0.0,1.0,1.0,7046.7222
27.7,0.0,0.0,1.0,0.0,3554.203
41.14,0.0,1.0,1.0,1.0,1146.7966
29.925,0.0,0.0,1.0,2.0,2850.68375
40.81,3.0,0.0,1.0,1.0,12485.8009
30.59,0.0,1.0,1.0,3.0,2727.3951
27.2,0.0,1.0,1.0,0.0,2866.091
30.9,3.0,0.0,1.0,0.0,5325.651
27.6,0.0,1.0,1.0,0.0,1252.407
43.4,0.0,1.0,1.0,0.0,12574.049
27.7,3.0,0.0,1.0,0.0,6414.178
42.13,1.0,0.0,1.0,1.0,3238.4357
33.25,0.0,1.0,1.0,3.0,9722.7695
32.6,2.0,1.0,1.0,0.0,7441.501
17.29,2.0,1.0,0.0,3.0,12829.4551
32.395,1.0,0.0,1.0,3.0,11879.10405
28.27,1.0,0.0,1.0,1.0,4779.6023
28.93,0.0,0.0,1.0,1.0,3972.9247
36.85,0.0,1.0,1.0,1.0,1534.3045
22.61,1.0,0.0,1.0,2.0,9566.9909
26.315,1.0,1.0,1.0,2.0,6389.37785
20.6,0.0,0.0,1.0,0.0,1731.677
24.32,0.0,0.0,1.0,3.0,8534.6718
40.565,3.0,1.0,0.0,3.0,48549.17835
33.345,0.0,0.0,1.0,3.0,20878.78443
25.0,1.0,0.0,1.0,0.0,7623.518
30.2,1.0,1.0,1.0,0.0,9724.53
20.4,0.0,1.0,1.0,0.0,3260.199
25.85,3.0,0.0,0.0,1.0,24180.9335
28.31,3.0,1.0,0.0,2.0,32787.45859
41.42,1.0,0.0,1.0,2.0,28476.73499
23.54,2.0,0.0,1.0,1.0,10107.2206
36.195,1.0,0.0,1.0,2.0,7443.64305
39.5,0.0,1.0,1.0,0.0,1682.597
31.3,2.0,0.0,0.0,0.0,47291.055
31.79,0.0,0.0,1.0,1.0,17929.30337
16.815,2.0,1.0,1.0,3.0,6640.54485
22.61,0.0,1.0,1.0,2.0,1628.4709
35.3,0.0,1.0,0.0,0.0,36837.467
44.22,2.0,1.0,1.0,1.0,4266.1658
